report_date,spec_long,spec_short,open_interest,net,release_date
2005-01-04,33972,11252,155870,22720,2005-01-07
2005-01-11,35208,11463,161868,23745,2005-01-14
2005-01-18,39872,31993,171109,7879,2005-01-21
2005-01-25,33608,32684,162182,924,2005-01-28
2005-02-01,31214,30815,167125,399,2005-02-04
2005-02-08,19798,34088,155552,-14290,2005-02-11
2005-02-15,13017,36710,151987,-23693,2005-02-18
2005-02-22,14078,40013,154084,-25935,2005-02-25
2005-03-01,13422,20545,153631,-7123,2005-03-04
2005-03-08,13350,23136,171109,-9786,2005-03-11
2005-03-15,13944,19290,107434,-5346,2005-03-18
2005-03-22,15675,27578,108865,-11903,2005-03-25
2005-03-29,11033,41222,114268,-30189,2005-04-01
2005-04-05,9686,46128,127406,-36442,2005-04-08
2005-04-12,11954,56150,133228,-44196,2005-04-15
2005-04-19,6927,61624,143178,-54697,2005-04-22
2005-04-26,11215,43717,138788,-32502,2005-04-29
2005-05-03,21832,35963,160185,-14131,2005-05-06
2005-05-10,20771,30334,160836,-9563,2005-05-13
2005-05-17,11663,59546,189032,-47883,2005-05-20
2005-05-24,10629,49460,184022,-38831,2005-05-27
2005-05-31,6467,54902,183593,-48435,2005-06-03
2005-06-07,5295,42406,185988,-37111,2005-06-10
2005-06-14,8991,61022,144048,-52031,2005-06-17
2005-06-21,11128,49102,139726,-37974,2005-06-24
2005-06-28,10844,62689,147872,-51845,2005-07-01
2005-07-05,11579,63765,156517,-52186,2005-07-08
2005-07-12,10830,73906,162959,-63076,2005-07-15
2005-07-19,9165,68221,168697,-59056,2005-07-22
2005-07-26,8032,55800,161014,-47768,2005-07-29
2005-08-02,9337,52488,165281,-43151,2005-08-05
2005-08-09,12768,61428,177994,-48660,2005-08-12
2005-08-16,12423,38808,166923,-26385,2005-08-19
2005-08-23,9358,40724,166538,-31366,2005-08-26
2005-08-30,7941,55606,178245,-47665,2005-09-02
2005-09-06,8017,42389,175986,-34372,2005-09-09
2005-09-13,10280,45214,189247,-34934,2005-09-16
2005-09-20,11954,59583,127850,-47629,2005-09-23
2005-09-27,13469,72535,138571,-59066,2005-09-30
2005-10-04,16352,79651,167979,-63299,2005-10-07
2005-10-11,18745,84780,176161,-66035,2005-10-14
2005-10-18,20214,86855,199678,-66641,2005-10-21
2005-10-25,20098,86780,195218,-66682,2005-10-28
2005-11-01,19862,86164,195803,-66302,2005-11-04
2005-11-08,19428,84056,197715,-64628,2005-11-11
2005-11-15,21147,88378,203137,-67231,2005-11-18
2005-11-22,21037,86921,204816,-65884,2005-11-25
2005-11-29,22626,86626,206878,-64000,2005-12-02
2005-12-06,26712,98355,220313,-71643,2005-12-09
2005-12-13,22221,94284,243599,-72063,2005-12-16
2005-12-20,12322,38427,139503,-26105,2005-12-23
2005-12-27,16998,39127,148945,-22129,2005-12-30
2006-01-03,22192,46929,155722,-24737,2006-01-06
2006-01-10,30472,50001,169886,-19529,2006-01-13
2006-01-17,30062,48321,167681,-18259,2006-01-20
2006-01-24,29698,48976,166600,-19278,2006-01-27
2006-01-31,32287,74032,188724,-41745,2006-02-03
2006-02-07,31219,87566,197898,-56347,2006-02-10
2006-02-14,27560,82617,195644,-55057,2006-02-17
2006-02-21,26959,98143,203465,-71184,2006-02-24
2006-02-28,41587,64408,201773,-22821,2006-03-03
2006-03-07,36738,78569,248612,-41831,2006-03-10
2006-03-14,24814,70103,189513,-45289,2006-03-17
2006-03-21,23115,52471,175962,-29356,2006-03-24
2006-03-28,27229,57641,180101,-30412,2006-03-31
2006-04-04,30603,63319,189732,-32716,2006-04-07
2006-04-11,36213,90684,205630,-54471,2006-04-14
2006-04-18,38749,79890,202039,-41141,2006-04-21
2006-04-25,40997,47487,201415,-6490,2006-04-28
2006-05-02,44389,41700,206400,2689,2006-05-05
2006-05-09,46769,27925,210545,18844,2006-05-12
2006-05-16,47053,27932,212386,19121,2006-05-19
2006-05-23,49669,31340,211949,18329,2006-05-26
2006-05-30,56019,30278,208512,25741,2006-06-02
2006-06-06,47148,26145,201843,21003,2006-06-09
2006-06-13,39360,48957,243513,-9597,2006-06-16
2006-06-20,23877,46884,161290,-23007,2006-06-23
2006-06-27,25190,60762,174066,-35572,2006-06-30
2006-07-03,25330,49239,168688,-23909,2006-07-06
2006-07-11,27639,48343,173470,-20704,2006-07-14
2006-07-18,27724,96773,203567,-69049,2006-07-21
2006-07-25,26299,103185,208508,-76886,2006-07-28
2006-08-01,25391,68375,195626,-42984,2006-08-04
2006-08-08,25031,76822,198570,-51791,2006-08-11
2006-08-15,29646,91920,216492,-62274,2006-08-18
2006-08-22,30853,105930,227195,-75077,2006-08-25
2006-08-29,33920,122249,244441,-88329,2006-09-01
2006-09-05,32941,102439,228792,-69498,2006-09-08
2006-09-12,34942,134394,275585,-99452,2006-09-15
2006-09-19,34955,125759,225098,-90804,2006-09-22
2006-09-26,42518,129876,221240,-87358,2006-09-29
2006-10-03,47430,151581,243819,-104151,2006-10-06
2006-10-10,50595,174193,267803,-123598,2006-10-13
2006-10-17,53173,165751,261575,-112578,2006-10-20
2006-10-24,50401,187691,282998,-137290,2006-10-27
2006-10-31,46776,106376,226607,-59600,2006-11-03
2006-11-07,48102,111614,229063,-63512,2006-11-10
2006-11-14,48106,103118,233573,-55012,2006-11-17
2006-11-21,50648,131069,258327,-80421,2006-11-24
2006-11-28,56033,97991,252107,-41958,2006-12-01
2006-12-05,62344,85881,268136,-23537,2006-12-08
2006-12-12,50622,106182,276919,-55560,2006-12-15
2006-12-19,48950,141469,239042,-92519,2006-12-22
2006-12-26,55629,160543,262764,-104914,2006-12-29
2007-01-03,54819,173411,280541,-118592,2007-01-08
2007-01-09,54341,177684,287999,-123343,2007-01-12
2007-01-16,56031,194177,308740,-138146,2007-01-19
2007-01-23,52200,217060,344998,-164860,2007-01-26
2007-01-30,42579,215584,344070,-173005,2007-02-02
2007-02-06,41025,169551,314920,-128526,2007-02-09
2007-02-13,43467,210972,361809,-167505,2007-02-16
2007-02-20,42286,158481,332216,-116195,2007-02-23
2007-02-27,39383,154009,328295,-114626,2007-03-02
2007-03-06,30479,93365,278491,-62886,2007-03-09
2007-03-13,38194,91047,281602,-52853,2007-03-16
2007-03-20,34269,84222,176550,-49953,2007-03-23
2007-03-27,37765,85245,204073,-47480,2007-03-30
2007-04-03,36845,100703,221748,-63858,2007-04-06
2007-04-10,42718,107559,230370,-64841,2007-04-13
2007-04-17,43281,113800,234796,-70519,2007-04-20
2007-04-24,37900,119672,235531,-81772,2007-04-27
2007-05-01,47618,166400,279868,-118782,2007-05-04
2007-05-08,51213,163472,284780,-112259,2007-05-11
2007-05-15,46650,174546,297263,-127896,2007-05-18
2007-05-22,52301,204047,326431,-151746,2007-05-25
2007-05-29,51301,197544,319048,-146243,2007-06-01
2007-06-05,53781,177787,311288,-124006,2007-06-08
2007-06-12,48791,176353,380532,-127562,2007-06-15
2007-06-19,45218,206579,310083,-161361,2007-06-22
2007-06-26,49411,237488,352299,-188077,2007-06-29
2007-07-03,43373,198511,326811,-155138,2007-07-06
2007-07-10,51549,177439,320333,-125890,2007-07-13
2007-07-17,50431,177204,303595,-126773,2007-07-20
2007-07-24,51088,143503,284669,-92415,2007-07-27
2007-07-31,46600,97762,264271,-51162,2007-08-03
2007-08-07,47110,81603,263905,-34493,2007-08-10
2007-08-14,57759,79648,278398,-21889,2007-08-17
2007-08-21,61218,59702,273008,1516,2007-08-24
2007-08-28,66128,56282,276995,9846,2007-08-31
2007-09-04,58339,65392,269834,-7053,2007-09-07
2007-09-11,62733,57148,299538,5585,2007-09-14
2007-09-18,41534,62601,168189,-21067,2007-09-21
2007-09-25,46051,48500,171770,-2449,2007-09-28
2007-10-02,35521,63590,197060,-28069,2007-10-05
2007-10-09,36321,82078,224347,-45757,2007-10-12
2007-10-16,45607,84220,228334,-38613,2007-10-19
2007-10-23,46369,67723,225032,-21354,2007-10-26
2007-10-30,57461,67410,222002,-9949,2007-11-02
2007-11-06,59945,68842,216041,-8897,2007-11-09
2007-11-13,63338,42542,190955,20796,2007-11-16
2007-11-20,68020,37619,193209,30401,2007-11-23
2007-11-27,68104,36772,192574,31332,2007-11-30
2007-12-04,73463,39378,195761,34085,2007-12-07
2007-12-11,68557,37654,218614,30903,2007-12-14
2007-12-18,54075,40718,176620,13357,2007-12-21
2007-12-24,46961,42948,180033,4013,2007-12-27
2007-12-31,45107,44187,181412,920,2008-01-03
2008-01-08,62356,24883,193786,37473,2008-01-11
2008-01-15,64712,27513,202548,37199,2008-01-18
2008-01-22,67896,26054,193308,41842,2008-01-25
2008-01-29,78810,25882,206162,52928,2008-02-01
2008-02-05,83740,29050,225290,54690,2008-02-08
2008-02-12,73955,30484,231216,43471,2008-02-15
2008-02-19,80805,30361,237223,50444,2008-02-22
2008-02-26,70188,35899,235856,34289,2008-02-29
2008-03-04,94654,38369,254859,56285,2008-03-07
2008-03-11,86383,36230,234069,50153,2008-03-14
2008-03-18,82300,26541,193580,55759,2008-03-21
2008-03-25,88691,22771,196616,65920,2008-03-28
2008-04-01,78135,25837,189206,52298,2008-04-04
2008-04-08,70424,27357,182491,43067,2008-04-11
2008-04-15,68950,20978,177514,47972,2008-04-18
2008-04-22,60353,25266,172737,35087,2008-04-25
2008-04-29,73485,18035,166940,55450,2008-05-02
2008-05-06,69355,20620,169098,48735,2008-05-09
2008-05-13,62209,28393,174423,33816,2008-05-16
2008-05-20,65203,25155,165388,40048,2008-05-23
2008-05-27,62907,29603,171688,33304,2008-05-30
2008-06-03,55009,31644,164454,23365,2008-06-06
2008-06-10,43391,35675,202372,7716,2008-06-13
2008-06-17,39989,34132,161544,5857,2008-06-20
2008-06-24,34316,47063,164015,-12747,2008-06-27
2008-07-01,45189,29184,175598,16005,2008-07-04
2008-07-08,40519,35194,175428,5325,2008-07-11
2008-07-15,77600,27495,213992,50105,2008-07-18
2008-07-22,48433,37909,187785,10524,2008-07-25
2008-07-29,39162,45442,178959,-6280,2008-08-01
2008-08-05,45898,57979,200818,-12081,2008-08-08
2008-08-12,46164,59413,208622,-13249,2008-08-15
2008-08-19,40933,64071,212982,-23138,2008-08-22
2008-08-26,40103,60073,209138,-19970,2008-08-29
2008-09-02,38405,43425,205813,-5020,2008-09-05
2008-09-09,39298,24477,206916,14821,2008-09-12
2008-09-16,50625,24025,132133,26600,2008-09-19
2008-09-23,51186,19247,141677,31939,2008-09-26
2008-09-30,69373,26351,159908,43022,2008-10-03
2008-10-07,61557,21744,158003,39813,2008-10-10
2008-10-14,51709,21805,132983,29904,2008-10-17
2008-10-21,51441,21320,138768,30121,2008-10-24
2008-10-28,51215,19389,143020,31826,2008-10-31
2008-11-04,46772,20278,129500,26494,2008-11-07
2008-11-11,46353,21842,130102,24511,2008-11-14
2008-11-18,46827,22693,129694,24134,2008-11-21
2008-11-25,62066,24900,131206,37166,2008-11-28
2008-12-02,67743,24840,138994,42903,2008-12-05
2008-12-09,62978,19719,166059,43259,2008-12-12
2008-12-16,59985,18604,110472,41381,2008-12-19
2008-12-22,56334,16236,105339,40098,2008-12-25
2008-12-30,57793,13917,105926,43876,2009-01-02
2009-01-06,62615,16221,110160,46394,2009-01-09
2009-01-13,60480,15585,107714,44895,2009-01-16
2009-01-20,62529,15439,113171,47090,2009-01-23
2009-01-27,63369,14362,115063,49007,2009-01-30
2009-02-03,65131,14613,117069,50518,2009-02-06
2009-02-10,56870,13273,106751,43597,2009-02-13
2009-02-17,54653,18465,108685,36188,2009-02-20
2009-02-24,47262,18627,108705,28635,2009-02-27
2009-03-03,46618,26548,110223,20070,2009-03-06
2009-03-10,43326,24420,114020,18906,2009-03-13
2009-03-17,27170,31866,70507,-4696,2009-03-20
2009-03-24,25057,32719,69923,-7662,2009-03-27
2009-03-31,26744,36207,76607,-9463,2009-04-03
2009-04-07,25566,32564,84138,-6998,2009-04-10
2009-04-14,21169,27264,82017,-6095,2009-04-17
2009-04-21,18343,32038,74215,-13695,2009-04-24
2009-04-28,22162,26741,75734,-4579,2009-05-01
2009-05-05,21588,28106,75595,-6518,2009-05-08
2009-05-12,28513,26125,85709,2388,2009-05-15
2009-05-19,29526,23526,90204,6000,2009-05-22
2009-05-26,34860,26851,96706,8009,2009-05-29
2009-06-02,34077,24456,96969,9621,2009-06-05
2009-06-09,25222,27521,93527,-2299,2009-06-12
2009-06-16,18287,26850,62998,-8563,2009-06-19
2009-06-23,22186,26193,73797,-4007,2009-06-26
2009-06-30,23261,24308,73476,-1047,2009-07-03
2009-07-07,36668,19551,89956,17117,2009-07-10
2009-07-14,52640,19073,110140,33567,2009-07-17
2009-07-21,52973,16785,110610,36188,2009-07-24
2009-07-28,37334,13032,90649,24302,2009-07-31
2009-08-04,28269,17654,80101,10615,2009-08-07
2009-08-11,24019,23195,70654,824,2009-08-14
2009-08-18,25121,22768,72642,2353,2009-08-21
2009-08-25,34055,22408,86500,11647,2009-08-28
2009-09-01,52041,19676,107605,32365,2009-09-04
2009-09-08,56725,15926,115249,40799,2009-09-11
2009-09-15,54044,16937,108330,37107,2009-09-18
2009-09-22,63269,17654,119425,45615,2009-09-25
2009-09-29,63449,18593,119276,44856,2009-10-02
2009-10-06,62127,17484,120340,44643,2009-10-09
2009-10-13,49817,16478,119052,33339,2009-10-16
2009-10-20,49401,18216,120630,31185,2009-10-23
2009-10-27,36076,18546,115161,17530,2009-10-30
2009-11-03,39028,19196,110032,19832,2009-11-06
2009-11-09,42044,20166,117344,21878,2009-11-12
2009-11-17,48750,13198,125908,35552,2009-11-20
2009-11-24,65224,13514,131833,51710,2009-11-27
2009-12-01,73793,16886,144123,56907,2009-12-04
2009-12-08,48754,13572,123501,35182,2009-12-11
2009-12-15,33810,25438,88438,8372,2009-12-18
2009-12-22,29477,30488,93224,-1011,2009-12-25
2009-12-29,19943,34846,95217,-14903,2010-01-01
2010-01-05,20634,37445,104231,-16811,2010-01-08
2010-01-12,21951,38695,120568,-16744,2010-01-15
2010-01-19,23718,40814,122367,-17096,2010-01-22
2010-01-26,28821,33168,119819,-4347,2010-01-29
2010-02-02,30177,23042,116129,7135,2010-02-05
2010-02-09,41352,18956,120060,22396,2010-02-12
2010-02-16,35691,21779,119816,13912,2010-02-19
2010-02-23,30432,28715,122919,1717,2010-02-26
2010-03-02,57332,24780,133600,32552,2010-03-05
2010-03-09,51919,25631,137443,26288,2010-03-12
2010-03-16,41278,26081,95999,15197,2010-03-19
2010-03-23,41030,30869,96913,10161,2010-03-26
2010-03-30,17174,48040,109417,-30866,2010-04-02
2010-04-06,18596,60901,123837,-42305,2010-04-09
2010-04-13,12573,68319,131723,-55746,2010-04-16
2010-04-20,14211,64549,134324,-50338,2010-04-23
2010-04-27,15018,64795,137780,-49777,2010-04-30
2010-05-04,12430,78042,147243,-65612,2010-05-07
2010-05-11,23265,57934,146389,-34669,2010-05-14
2010-05-18,21393,55682,142699,-34289,2010-05-21
2010-05-25,31994,42232,140769,-10238,2010-05-28
2010-06-01,33215,39699,133365,-6484,2010-06-04
2010-06-08,28519,41066,133010,-12547,2010-06-11
2010-06-15,23304,26984,82217,-3680,2010-06-18
2010-06-22,29257,25627,91415,3630,2010-06-25
2010-06-29,51721,24294,120484,27427,2010-07-02
2010-07-06,62476,24550,135128,37926,2010-07-09
2010-07-13,63205,15846,133665,47359,2010-07-16
2010-07-20,54733,13822,127658,40911,2010-07-23
2010-07-27,48488,18567,124595,29921,2010-07-30
2010-08-03,61723,13725,133870,47998,2010-08-06
2010-08-10,65314,12836,136999,52478,2010-08-13
2010-08-17,62745,12776,137645,49969,2010-08-20
2010-08-24,63086,12017,140128,51069,2010-08-27
2010-08-31,61219,11315,139079,49904,2010-09-03
2010-09-07,65440,13257,150513,52183,2010-09-10
2010-09-14,61215,13573,134360,47642,2010-09-17
2010-09-21,39948,16848,113349,23100,2010-09-24
2010-09-28,45136,16470,118274,28666,2010-10-01
2010-10-05,66866,17660,142488,49206,2010-10-08
2010-10-12,66463,18178,146581,48285,2010-10-15
2010-10-19,62554,16698,139496,45856,2010-10-22
2010-10-26,61305,18176,139850,43129,2010-10-29
2010-11-02,63061,16606,140062,46455,2010-11-05
2010-11-09,54256,17602,140515,36654,2010-11-12
2010-11-16,47595,24737,131701,22858,2010-11-19
2010-11-23,51161,23969,129620,27192,2010-11-26
2010-11-30,55791,25785,133069,30006,2010-12-03
2010-12-07,47661,24373,132233,23288,2010-12-10
2010-12-14,34996,22261,96110,12735,2010-12-17
2010-12-21,34243,21714,90072,12529,2010-12-24
2010-12-28,49941,20300,109343,29641,2010-12-31
2011-01-04,65924,26859,128483,39065,2011-01-07
2011-01-11,43884,19148,107132,24736,2011-01-14
2011-01-18,46258,25729,110405,20529,2011-01-21
2011-01-25,54495,22277,116661,32218,2011-01-28
2011-02-01,52648,21167,116384,31481,2011-02-04
2011-02-08,56607,19876,117705,36731,2011-02-11
2011-02-15,24389,42937,116803,-18548,2011-02-18
2011-02-22,23457,51203,124016,-27746,2011-02-25
2011-03-01,62396,21122,136561,41274,2011-03-04
2011-03-08,43205,26549,131247,16656,2011-03-11
2011-03-15,52603,22373,114701,30230,2011-03-18
2011-03-22,52484,17959,112051,34525,2011-03-25
2011-03-29,37737,30685,100377,7052,2011-04-01
2011-04-05,16516,59747,120632,-43231,2011-04-08
2011-04-12,14183,67060,130084,-52877,2011-04-15
2011-04-19,12935,65918,127838,-52983,2011-04-22
2011-04-26,14063,51060,114134,-36997,2011-04-29
2011-05-03,19779,38598,104590,-18819,2011-05-06
2011-05-10,36100,23046,102289,13054,2011-05-13
2011-05-17,38016,22643,103453,15373,2011-05-20
2011-05-24,32188,24182,99264,8006,2011-05-27
2011-05-31,24186,25834,95929,-1648,2011-06-03
2011-06-07,35883,18252,106199,17631,2011-06-10
2011-06-14,38618,13850,94483,24768,2011-06-17
2011-06-21,47074,14480,99071,32594,2011-06-24
2011-06-28,34319,20696,94286,13623,2011-07-01
2011-07-05,34595,20268,94901,14327,2011-07-08
2011-07-12,52277,23989,115846,28288,2011-07-15
2011-07-19,63535,21380,129653,42155,2011-07-22
2011-07-26,72114,20812,138932,51302,2011-07-29
2011-08-02,78855,20022,148888,58833,2011-08-05
2011-08-09,53386,11237,119904,42149,2011-08-12
2011-08-16,59060,11712,126262,47348,2011-08-19
2011-08-23,60831,13692,131217,47139,2011-08-26
2011-08-30,54136,12951,126128,41185,2011-09-02
2011-09-06,48125,15338,123412,32787,2011-09-09
2011-09-13,53778,18823,151535,34955,2011-09-16
2011-09-20,63888,18271,127828,45617,2011-09-23
2011-09-27,61166,18844,125732,42322,2011-09-30
2011-10-04,60867,17405,134724,43462,2011-10-07
2011-10-11,54190,19071,153849,35119,2011-10-14
2011-10-18,49047,22140,152255,26907,2011-10-21
2011-10-25,75999,21720,165616,54279,2011-10-28
2011-11-01,43671,17767,138045,25904,2011-11-04
2011-11-08,44320,16243,138981,28077,2011-11-11
2011-11-15,49916,16236,142233,33680,2011-11-18
2011-11-22,57018,13838,149571,43180,2011-11-25
2011-11-29,56162,15615,166279,40547,2011-12-02
2011-12-06,56817,18546,178625,38271,2011-12-09
2011-12-13,52249,16649,204818,35600,2011-12-16
2011-12-20,52148,27672,132006,24476,2011-12-23
2011-12-27,52691,30106,132557,22585,2011-12-30
2012-01-03,72986,16505,158719,56481,2012-01-06
2012-01-10,76671,17014,163533,59657,2012-01-13
2012-01-17,78355,19493,168070,58862,2012-01-20
2012-01-24,66194,21827,152061,44367,2012-01-27
2012-01-31,81054,24385,172967,56669,2012-02-03
2012-02-07,84847,29676,178512,55171,2012-02-10
2012-02-14,64096,34637,153683,29459,2012-02-17
2012-02-21,62062,44805,150551,17257,2012-02-24
2012-02-28,51558,52761,148310,-1203,2012-03-02
2012-03-06,33281,52639,147952,-19358,2012-03-09
2012-03-13,22249,64629,196396,-42380,2012-03-16
2012-03-20,34923,60744,139769,-25821,2012-03-23
2012-03-27,10905,78527,145497,-67622,2012-03-30
2012-04-03,14563,79671,150382,-65108,2012-04-06
2012-04-10,16097,82181,150875,-66084,2012-04-13
2012-04-17,16917,74720,144168,-57803,2012-04-20
2012-04-24,12669,68572,137636,-55903,2012-04-27
2012-05-01,14110,64283,140349,-50173,2012-05-04
2012-05-08,16369,57462,141842,-41093,2012-05-11
2012-05-15,17455,51770,139275,-34315,2012-05-18
2012-05-22,20483,38498,142168,-18015,2012-05-25
2012-05-29,21620,32950,140684,-11330,2012-06-01
2012-06-05,37376,25303,169663,12073,2012-06-08
2012-06-12,38182,25875,174278,12307,2012-06-15
2012-06-19,44740,29603,123868,15137,2012-06-22
2012-06-26,43910,39368,123247,4542,2012-06-29
2012-07-03,36950,32775,117403,4175,2012-07-06
2012-07-10,32920,23968,115522,8952,2012-07-13
2012-07-17,36734,25613,121806,11121,2012-07-20
2012-07-24,52024,26963,139033,25061,2012-07-27
2012-07-31,55373,23119,144095,32254,2012-08-03
2012-08-07,55883,28344,148998,27539,2012-08-10
2012-08-14,55983,25279,151036,30704,2012-08-17
2012-08-21,43584,32413,141458,11171,2012-08-24
2012-08-28,53571,32015,149444,21556,2012-08-31
2012-09-04,55133,31126,152452,24007,2012-09-07
2012-09-11,60862,28089,176618,32773,2012-09-14
2012-09-18,41500,26024,128862,15476,2012-09-21
2012-09-25,47318,26207,137692,21111,2012-09-28
2012-10-02,52696,23361,141693,29335,2012-10-05
2012-10-09,40778,27864,127442,12914,2012-10-12
2012-10-16,42767,32681,131343,10086,2012-10-19
2012-10-23,25550,43746,137135,-18196,2012-10-26
2012-10-30,19886,56906,147135,-37020,2012-11-02
2012-11-06,24966,65070,161552,-40104,2012-11-09
2012-11-13,21980,52427,155931,-30447,2012-11-16
2012-11-20,28272,79661,180979,-51389,2012-11-23
2012-11-27,27027,106493,208130,-79466,2012-11-30
2012-12-04,20929,111255,220982,-90326,2012-12-07
2012-12-11,16369,110770,267582,-94401,2012-12-14
2012-12-18,27935,117098,196662,-89163,2012-12-21
2012-12-24,26757,112365,195705,-85608,2012-12-27
2012-12-31,30432,110949,194632,-80517,2013-01-03
2013-01-08,32129,106225,193295,-74096,2013-01-11
2013-01-15,39447,105174,196509,-65727,2013-01-18
2013-01-22,41983,106051,202225,-64068,2013-01-25
2013-01-29,48476,119722,219635,-71246,2013-02-01
2013-02-05,50667,119080,217709,-68413,2013-02-08
2013-02-12,55782,117088,215036,-61306,2013-02-15
2013-02-19,54662,120553,218241,-65891,2013-02-22
2013-02-26,51998,117342,216323,-65344,2013-03-01
2013-03-05,50958,124309,241938,-73351,2013-03-08
2013-03-12,51240,145003,288474,-93763,2013-03-15
2013-03-19,55408,135401,216674,-79993,2013-03-22
2013-03-26,46931,136080,220896,-89149,2013-03-29
2013-04-02,46966,125137,213997,-78171,2013-04-05
2013-04-09,39699,117396,220626,-77697,2013-04-12
2013-04-16,26448,119859,214577,-93411,2013-04-19
2013-04-23,25942,105672,204150,-79730,2013-04-26
2013-04-30,24872,95999,198106,-71127,2013-05-03
2013-05-07,27886,106446,209370,-78560,2013-05-10
2013-05-14,28882,117289,229746,-88407,2013-05-17
2013-05-21,19454,114640,227826,-95186,2013-05-24
2013-05-28,18406,118175,231012,-99769,2013-05-31
2013-06-04,19176,101920,219135,-82744,2013-06-07
2013-06-11,21722,94628,243644,-72906,2013-06-14
2013-06-18,23010,84900,163921,-61890,2013-06-21
2013-06-25,24376,85838,161160,-61462,2013-06-28
2013-07-02,27336,98072,178926,-70736,2013-07-05
2013-07-09,25117,105422,185249,-80305,2013-07-12
2013-07-16,20220,105982,182429,-85762,2013-07-19
2013-07-23,22513,110009,187250,-87496,2013-07-26
2013-07-30,18216,100351,174872,-82135,2013-08-02
2013-08-06,19421,99634,172059,-80213,2013-08-09
2013-08-13,17375,91837,159496,-74462,2013-08-16
2013-08-20,19720,91441,162168,-71721,2013-08-23
2013-08-27,23396,101749,175588,-78353,2013-08-30
2013-09-03,27665,107426,178360,-79761,2013-09-06
2013-09-10,18854,113920,197099,-95066,2013-09-13
2013-09-17,26088,114882,177045,-88794,2013-09-20
2013-09-24,18173,110991,174892,-92818,2013-09-27
2013-10-01,18634,100958,170525,-82324,2013-10-04
2013-10-08,28165,85262,165957,-57097,2013-10-11
2013-10-15,25392,84658,159871,-59266,2013-10-18
2013-10-22,13928,85730,152938,-71802,2013-10-25
2013-10-29,17483,79878,151987,-62395,2013-11-01
2013-11-05,18734,92526,169004,-73792,2013-11-08
2013-11-12,20977,116084,195690,-95107,2013-11-15
2013-11-19,19424,131640,214211,-112216,2013-11-22
2013-11-26,23999,147201,236713,-123202,2013-11-29
2013-12-03,21290,154673,245167,-133383,2013-12-06
2013-12-10,18085,147796,262229,-129711,2013-12-13
2013-12-17,22225,152448,232743,-130223,2013-12-20
2013-12-24,14261,158083,239160,-143822,2013-12-27
2013-12-31,14274,149502,232225,-135228,2014-01-03
2014-01-07,11340,140208,230156,-128868,2014-01-10
2014-01-14,10754,128820,218324,-118066,2014-01-17
2014-01-21,13128,128089,217548,-114961,2014-01-24
2014-01-28,15977,102169,203014,-86192,2014-01-31
2014-02-04,15896,92725,199361,-76829,2014-02-07
2014-02-11,13686,92472,196435,-78786,2014-02-14
2014-02-18,16736,96520,200057,-79784,2014-02-21
2014-02-25,14727,99817,203743,-85090,2014-02-28
2014-03-04,20407,100116,205886,-79709,2014-03-07
2014-03-11,15726,115082,242170,-99356,2014-03-14
2014-03-18,24144,85243,156922,-61099,2014-03-21
2014-03-25,17600,86487,158280,-68887,2014-03-28
2014-04-01,22162,110800,188464,-88638,2014-04-04
2014-04-08,13340,100802,181814,-87462,2014-04-11
2014-04-15,14351,83067,164843,-68716,2014-04-18
2014-04-22,16564,83807,165674,-67243,2014-04-25
2014-04-29,13846,84198,168820,-70352,2014-05-02
2014-05-06,20381,81109,167093,-60728,2014-05-09
2014-05-13,17471,82178,164707,-64707,2014-05-16
2014-05-20,18681,72468,164819,-53787,2014-05-23
2014-05-27,16999,76035,162820,-59036,2014-05-30
2014-06-03,12578,86796,171804,-74218,2014-06-06
2014-06-10,11893,94055,201094,-82162,2014-06-13
2014-06-17,17832,85870,153007,-68038,2014-06-20
2014-06-24,10325,81548,148257,-71223,2014-06-27
2014-07-01,18739,77425,156480,-58686,2014-07-04
2014-07-08,11174,77549,157710,-66375,2014-07-11
2014-07-15,8385,71333,155127,-62948,2014-07-18
2014-07-22,11979,65895,162029,-53916,2014-07-25
2014-07-29,7828,80897,172210,-73069,2014-08-01
2014-08-05,9896,105295,192906,-95399,2014-08-08
2014-08-12,12518,93615,192140,-81097,2014-08-15
2014-08-19,17976,105247,203180,-87271,2014-08-22
2014-08-26,19512,122403,218009,-102891,2014-08-29
2014-09-02,15485,132793,230937,-117308,2014-09-05
2014-09-09,17280,117953,255624,-100673,2014-09-12
2014-09-16,37617,120799,208235,-83182,2014-09-19
2014-09-23,28391,133813,222214,-105422,2014-09-26
2014-09-30,29910,150788,239477,-120878,2014-10-03
2014-10-07,24837,137388,223255,-112551,2014-10-10
2014-10-14,22839,123986,212420,-101147,2014-10-17
2014-10-21,26634,98372,185412,-71738,2014-10-24
2014-10-28,23883,91282,184120,-67399,2014-10-31
2014-11-04,37917,109568,207974,-71651,2014-11-07
2014-11-11,47271,129834,227576,-82563,2014-11-14
2014-11-18,46612,139066,238898,-92454,2014-11-21
2014-11-25,46304,150684,253976,-104380,2014-11-28
2014-12-02,41530,152690,257828,-111160,2014-12-05
2014-12-09,38067,142203,279859,-104136,2014-12-12
2014-12-16,45652,132579,227685,-86927,2014-12-19
2014-12-23,29021,122763,226107,-93742,2014-12-26
2014-12-30,28836,125155,226629,-96319,2015-01-02
2015-01-06,33160,123243,228954,-90083,2015-01-09
2015-01-13,25872,120497,231223,-94625,2015-01-16
2015-01-20,26525,104411,215413,-77886,2015-01-23
2015-01-27,26526,91184,202571,-64658,2015-01-30
2015-02-03,25586,85157,203963,-59571,2015-02-06
2015-02-10,25884,81008,204193,-55124,2015-02-13
2015-02-17,31269,80360,203555,-49091,2015-02-20
2015-02-24,31611,79123,202438,-47512,2015-02-27
2015-03-03,33944,86465,210611,-52521,2015-03-06
2015-03-10,32898,92285,235089,-59387,2015-03-13
2015-03-17,44496,92550,195913,-48054,2015-03-20
2015-03-24,39156,85061,181026,-45905,2015-03-27
2015-03-31,44409,68333,177478,-23924,2015-04-03
2015-04-07,53320,77769,189444,-24449,2015-04-10
2015-04-14,54783,77853,195230,-23070,2015-04-17
2015-04-21,51520,65968,189332,-14448,2015-04-24
2015-04-28,48721,54214,188079,-5493,2015-05-01
2015-05-05,41852,73035,198886,-31183,2015-05-08
2015-05-12,37848,61441,193296,-23593,2015-05-15
2015-05-19,63398,85403,231658,-22005,2015-05-22
2015-05-26,50210,112434,251744,-62224,2015-05-29
2015-06-02,46681,132374,260104,-85693,2015-06-05
2015-06-09,42440,158726,306449,-116286,2015-06-12
2015-06-16,64760,145424,262329,-80664,2015-06-19
2015-06-23,39019,126736,247839,-87717,2015-06-26
2015-06-30,45479,124301,254014,-78822,2015-07-03
2015-07-07,46070,109699,250828,-63629,2015-07-10
2015-07-14,49167,96538,247704,-47371,2015-07-17
2015-07-21,50899,113213,251136,-62314,2015-07-24
2015-07-28,46270,109808,246269,-63538,2015-07-31
2015-08-04,49906,129622,252655,-79716,2015-08-07
2015-08-11,45768,150994,264608,-105226,2015-08-14
2015-08-18,45935,136065,251418,-90130,2015-08-21
2015-08-25,59922,98981,260458,-39059,2015-08-28
2015-09-01,68023,83578,273205,-15555,2015-09-04
2015-09-08,63121,69783,279712,-6662,2015-09-11
2015-09-15,36449,63263,166081,-26814,2015-09-18
2015-09-22,48282,71960,177439,-23678,2015-09-25
2015-09-29,39753,61805,174697,-22052,2015-10-02
2015-10-06,39050,56649,170780,-17599,2015-10-09
2015-10-13,38004,51836,169873,-13832,2015-10-16
2015-10-20,48747,52386,184281,-3639,2015-10-23
2015-10-27,36437,70348,189472,-33911,2015-10-30
2015-11-03,41489,85276,204271,-43787,2015-11-06
2015-11-10,35081,101969,234202,-66888,2015-11-13
2015-11-17,34475,113086,250346,-78611,2015-11-20
2015-11-24,30277,107613,247513,-77336,2015-11-27
2015-12-01,31228,106129,253505,-74901,2015-12-04
2015-12-08,26400,94450,246055,-68050,2015-12-11
2015-12-15,37301,63881,194196,-26580,2015-12-18
2015-12-22,37677,68044,197375,-30367,2015-12-25
2015-12-29,45008,62234,196825,-17226,2016-01-01
2016-01-05,67471,63368,220707,4103,2016-01-08
2016-01-12,78385,53119,241366,25266,2016-01-15
2016-01-19,84485,46832,247614,37653,2016-01-22
2016-01-26,92628,42602,250711,50026,2016-01-29
2016-02-02,82108,44863,237289,37245,2016-02-05
2016-02-09,75811,32579,237081,43232,2016-02-12
2016-02-16,84518,36617,248985,47901,2016-02-19
2016-02-23,92376,39642,257064,52734,2016-02-26
2016-03-01,94070,34445,261679,59625,2016-03-04
2016-03-08,93867,29534,289879,64333,2016-03-11
2016-03-15,79426,33937,140084,45489,2016-03-18
2016-03-22,82812,29466,146421,53346,2016-03-25
2016-03-29,84870,30483,148292,54387,2016-04-01
2016-04-05,98130,38057,166831,60073,2016-04-08
2016-04-12,100120,33930,173515,66190,2016-04-15
2016-04-19,105710,33840,179888,71870,2016-04-22
2016-04-26,97470,30972,168767,66498,2016-04-29
2016-05-03,85627,24106,161529,61521,2016-05-06
2016-05-10,88897,29850,165549,59047,2016-05-13
2016-05-17,86165,27246,158909,58919,2016-05-20
2016-05-24,54792,32733,159833,22059,2016-05-27
2016-05-31,46964,32127,156499,14837,2016-06-03
2016-06-07,68237,25384,180894,42853,2016-06-10
2016-06-14,77703,22013,139052,55690,2016-06-17
2016-06-21,79398,27102,144710,52296,2016-06-24
2016-06-28,85493,25743,143117,59750,2016-07-01
2016-07-05,87037,23469,150417,63568,2016-07-08
2016-07-12,85364,37819,161262,47545,2016-07-15
2016-07-19,79864,40511,158366,39353,2016-07-22
2016-07-26,74074,39116,159869,34958,2016-07-29
2016-08-02,76575,34875,156696,41700,2016-08-05
2016-08-09,86719,37888,167011,48831,2016-08-12
2016-08-16,88273,32267,165905,56006,2016-08-19
2016-08-23,90387,30071,164756,60316,2016-08-26
2016-08-30,91570,27909,164329,63661,2016-09-02
2016-09-06,83968,29479,159342,54489,2016-09-09
2016-09-13,86140,29294,167340,56846,2016-09-16
2016-09-20,85117,26332,140738,58785,2016-09-23
2016-09-27,97432,28540,155170,68892,2016-09-30
2016-10-04,101986,33291,157574,68695,2016-10-07
2016-10-11,79279,33370,150394,45909,2016-10-14
2016-10-18,74966,37975,156607,36991,2016-10-21
2016-10-25,82385,37790,163040,44595,2016-10-28
2016-11-01,81010,37850,165124,43160,2016-11-04
2016-11-08,72619,40663,164328,31956,2016-11-11
2016-11-15,67085,46409,170967,20676,2016-11-18
2016-11-22,71183,60283,187684,10900,2016-11-25
2016-11-29,72124,72393,202171,-269,2016-12-02
2016-12-06,74367,108304,235915,-33937,2016-12-09
2016-12-13,62432,125861,285274,-63429,2016-12-16
2016-12-20,64200,139649,220435,-75449,2016-12-23
2016-12-27,40565,127574,219343,-87009,2016-12-30
2017-01-03,37962,124726,220120,-86764,2017-01-06
2017-01-10,26041,105880,209488,-79839,2017-01-13
2017-01-17,28560,106390,211752,-77830,2017-01-20
2017-01-24,27127,93967,196765,-66840,2017-01-27
2017-01-31,32216,90547,204494,-58331,2017-02-03
2017-02-07,25874,80934,201632,-55060,2017-02-10
2017-02-14,27701,78985,204277,-51284,2017-02-17
2017-02-21,29954,80116,205223,-50162,2017-02-24
2017-02-28,29012,79029,204602,-50017,2017-03-03
2017-03-07,39203,93903,217982,-54700,2017-03-10
2017-03-14,35563,106860,202647,-71297,2017-03-17
2017-03-21,35039,102026,191626,-66987,2017-03-24
2017-03-28,42886,96067,197542,-53181,2017-03-31
2017-04-04,41313,87113,194368,-45800,2017-04-07
2017-04-11,43316,78080,198381,-34764,2017-04-14
2017-04-18,45761,76224,203617,-30463,2017-04-21
2017-04-25,48538,75407,204179,-26869,2017-04-28
2017-05-02,37519,68002,196845,-30483,2017-05-05
2017-05-09,42635,78942,203140,-36307,2017-05-12
2017-05-16,41963,101971,222510,-60008,2017-05-19
2017-05-23,41920,93576,211298,-51656,2017-05-26
2017-05-30,43404,95679,213727,-52275,2017-06-02
2017-06-06,39736,94763,225549,-55027,2017-06-09
2017-06-13,34160,84713,210617,-50553,2017-06-16
2017-06-20,39498,89457,171840,-49959,2017-06-23
2017-06-27,38254,99604,183705,-61350,2017-06-30
2017-07-03,43648,118684,207597,-75036,2017-07-06
2017-07-11,40778,152903,239786,-112125,2017-07-14
2017-07-18,37419,164338,250071,-126919,2017-07-21
2017-07-25,28018,149507,235140,-121489,2017-07-28
2017-08-01,36445,148641,242876,-112196,2017-08-04
2017-08-08,39810,135623,232827,-95813,2017-08-11
2017-08-15,43308,120800,215090,-77492,2017-08-18
2017-08-22,45162,119248,215457,-74086,2017-08-25
2017-08-29,43889,112413,209890,-68524,2017-09-01
2017-09-05,47285,120230,213200,-72945,2017-09-08
2017-09-12,40642,97939,200444,-57297,2017-09-15
2017-09-19,42435,93757,185352,-51322,2017-09-22
2017-09-26,42963,114310,207097,-71347,2017-09-29
2017-10-03,58770,143413,246889,-84643,2017-10-06
2017-10-10,51655,153074,254124,-101419,2017-10-13
2017-10-17,55010,156296,257087,-101286,2017-10-20
2017-10-24,60077,176934,282230,-116857,2017-10-27
2017-10-31,54585,173454,277706,-118869,2017-11-03
2017-11-07,54336,182184,287936,-127848,2017-11-10
2017-11-14,49347,185346,283628,-135999,2017-11-17
2017-11-21,44382,166984,261019,-122602,2017-11-24
2017-11-28,39793,150433,244536,-110640,2017-12-01
2017-12-05,34766,149033,238077,-114267,2017-12-08
2017-12-12,31747,145870,250581,-114123,2017-12-15
2017-12-19,36874,151247,223424,-114373,2017-12-22
2017-12-26,44269,160355,232428,-116086,2017-12-29
2018-01-02,39592,161358,230564,-121766,2018-01-05
2018-01-09,37376,162912,233144,-125536,2018-01-12
2018-01-16,38152,157502,236305,-119350,2018-01-19
2018-01-23,37260,160130,241136,-122870,2018-01-26
2018-01-30,47828,162524,260237,-114696,2018-02-02
2018-02-06,39108,151984,249478,-112876,2018-02-09
2018-02-13,42299,157808,260170,-115509,2018-02-16
2018-02-20,45634,153972,271271,-108338,2018-02-23
2018-02-27,44539,141190,263066,-96651,2018-03-02
2018-03-06,50057,136902,277327,-86845,2018-03-09
2018-03-13,44296,123835,279671,-79539,2018-03-16
2018-03-20,47902,69901,160250,-21999,2018-03-23
2018-03-27,56544,60212,162038,-3668,2018-03-30
2018-04-03,48053,44481,148818,3572,2018-04-06
2018-04-10,49855,47094,151202,2761,2018-04-13
2018-04-17,49433,46842,147319,2591,2018-04-20
2018-04-24,59253,58670,155237,583,2018-04-27
2018-05-01,57349,58754,160337,-1405,2018-05-04
2018-05-08,51812,57274,157576,-5462,2018-05-11
2018-05-15,64926,61246,163411,3680,2018-05-18
2018-05-22,73836,76603,175316,-2767,2018-05-25
2018-05-29,63182,71218,171339,-8036,2018-06-01
2018-06-05,52060,55497,146448,-3437,2018-06-08
2018-06-12,60609,55557,166877,5052,2018-06-15
2018-06-19,46565,82127,154641,-35562,2018-06-22
2018-06-26,44430,78651,153566,-34221,2018-06-29
2018-07-03,49990,88720,168360,-38730,2018-07-06
2018-07-10,60563,100395,182066,-39832,2018-07-13
2018-07-17,77021,135671,215413,-58650,2018-07-20
2018-07-24,49993,123762,200427,-73769,2018-07-27
2018-07-31,48016,116473,197566,-68457,2018-08-03
2018-08-07,46136,108943,187902,-62807,2018-08-10
2018-08-14,49369,107737,185834,-58368,2018-08-17
2018-08-21,54116,101522,189698,-47406,2018-08-24
2018-08-28,50230,96271,185082,-46041,2018-08-31
2018-09-04,47572,99504,185347,-51932,2018-09-07
2018-09-11,48057,101943,193428,-53886,2018-09-14
2018-09-18,49752,113507,200221,-63755,2018-09-21
2018-09-25,47253,131972,215376,-84719,2018-09-28
2018-10-02,56074,170120,252277,-114046,2018-10-05
2018-10-09,47034,162235,253374,-115201,2018-10-12
2018-10-16,30096,130717,211210,-100621,2018-10-19
2018-10-23,29922,122726,205643,-92804,2018-10-26
2018-10-30,28854,120474,203113,-91620,2018-11-02
2018-11-06,33060,122182,209453,-89122,2018-11-09
2018-11-13,40192,142486,231730,-102294,2018-11-16
2018-11-20,33462,133527,223144,-100065,2018-11-23
2018-11-27,35817,140141,231711,-104324,2018-11-30
2018-12-04,32717,142483,226835,-109766,2018-12-07
2018-12-11,25495,123101,213055,-97606,2018-12-14
2018-12-18,26957,129728,214868,-102771,2018-12-21
2018-12-24,33281,132370,224458,-99089,2018-12-27
2018-12-31,32712,121335,216224,-88623,2019-01-03
2019-01-08,42727,104041,230524,-61314,2019-01-11
2019-01-15,38686,85107,229295,-46421,2019-01-18
2019-01-22,28403,68070,212563,-39667,2019-01-25
2019-01-29,27001,60346,204816,-33345,2019-02-01
2019-02-05,20752,52162,192789,-31410,2019-02-08
2019-02-12,24541,55283,185725,-30742,2019-02-15
2019-02-19,24844,62305,184023,-37461,2019-02-22
2019-02-26,27365,67019,186158,-39654,2019-03-01
2019-03-05,33421,84727,207083,-51306,2019-03-08
2019-03-12,22144,80925,196766,-58781,2019-03-15
2019-03-19,20081,79302,158074,-59221,2019-03-22
2019-03-26,18323,80444,157145,-62121,2019-03-29
2019-04-02,20462,83203,156838,-62741,2019-04-05
2019-04-09,19914,91434,165736,-71520,2019-04-12
2019-04-16,31807,118913,200018,-87106,2019-04-19
2019-04-23,28121,122535,207316,-94414,2019-04-26
2019-04-30,20578,120177,203323,-99599,2019-05-03
2019-05-07,25869,117586,201462,-91717,2019-05-10
2019-05-14,35915,97495,180573,-61580,2019-05-17
2019-05-21,27540,82732,170834,-55192,2019-05-24
2019-05-28,25803,81380,169790,-55577,2019-05-31
2019-06-04,27437,71826,167810,-44389,2019-06-07
2019-06-11,20786,65951,169387,-45165,2019-06-14
2019-06-18,28169,44734,123629,-16565,2019-06-21
2019-06-25,31090,41237,139439,-10147,2019-06-28
2019-07-02,34198,35425,139355,-1227,2019-07-05
2019-07-09,35346,38997,135737,-3651,2019-07-12
2019-07-16,32905,44285,130304,-11380,2019-07-19
2019-07-23,34642,44019,136245,-9377,2019-07-26
2019-07-30,37028,41246,138842,-4218,2019-08-02
2019-08-06,46225,35664,153338,10561,2019-08-09
2019-08-13,51764,27022,160271,24742,2019-08-16
2019-08-20,49984,18830,154662,31154,2019-08-23
2019-08-27,59795,26188,157862,33607,2019-08-30
2019-09-03,57222,29540,157788,27682,2019-09-06
2019-09-10,56579,23988,151397,32591,2019-09-13
2019-09-17,50842,26980,130940,23862,2019-09-20
2019-09-24,45759,32976,142026,12783,2019-09-27
2019-10-01,57893,43976,151860,13917,2019-10-04
2019-10-08,52803,41791,150019,11012,2019-10-11
2019-10-15,46416,53057,157707,-6641,2019-10-18
2019-10-22,41556,59721,159250,-18165,2019-10-25
2019-10-29,39185,58883,163486,-19698,2019-11-01
2019-11-05,43996,70601,177106,-26605,2019-11-08
2019-11-12,43964,78961,183480,-34997,2019-11-15
2019-11-19,45423,80454,182445,-35031,2019-11-22
2019-11-26,49278,88869,196894,-39591,2019-11-29
2019-12-03,48312,96135,214223,-47823,2019-12-06
2019-12-10,41843,85525,198700,-43682,2019-12-13
2019-12-17,43418,85480,178529,-42062,2019-12-20
2019-12-24,40592,74134,173142,-33542,2019-12-27
2019-12-31,43668,68970,174966,-25302,2020-01-03
2020-01-07,47846,60094,162094,-12248,2020-01-10
2020-01-14,49720,81150,183863,-31430,2020-01-17
2020-01-21,50596,95297,203579,-44701,2020-01-24
2020-01-28,45676,81701,184919,-36025,2020-01-31
2020-02-04,57672,79570,190079,-21898,2020-02-07
2020-02-11,54805,80993,193822,-26188,2020-02-14
2020-02-18,58605,85826,203631,-27221,2020-02-21
2020-02-25,53855,110244,223904,-56389,2020-02-28
2020-03-03,50598,92922,198404,-42324,2020-03-06
2020-03-10,61732,53575,159128,8157,2020-03-13
2020-03-17,57286,24351,125769,32935,2020-03-20
2020-03-24,56528,32665,125594,23863,2020-03-27
2020-03-31,48444,30162,120270,18282,2020-04-03
2020-04-07,49249,26839,118595,22410,2020-04-10
2020-04-14,49863,27220,122929,22643,2020-04-17
2020-04-21,53730,27704,128272,26026,2020-04-24
2020-04-28,59962,27636,143835,32326,2020-05-01
2020-05-05,56634,29420,152042,27214,2020-05-08
2020-05-12,56307,28370,153370,27937,2020-05-15
2020-05-19,52038,24568,147975,27470,2020-05-22
2020-05-26,57873,23266,156827,34607,2020-05-29
2020-06-02,61958,29379,158743,32579,2020-06-05
2020-06-09,48862,31400,155159,17462,2020-06-12
2020-06-16,43126,21016,127287,22110,2020-06-19
2020-06-23,50490,23032,144549,27458,2020-06-26
2020-06-30,42755,18894,137362,23861,2020-07-03
2020-07-07,44043,27231,138313,16812,2020-07-10
2020-07-14,45111,26785,135263,18326,2020-07-17
2020-07-21,50854,31547,142686,19307,2020-07-24
2020-07-28,62924,34417,170269,28507,2020-07-31
2020-08-04,52073,20644,157968,31429,2020-08-07
2020-08-11,48158,21142,150149,27016,2020-08-14
2020-08-18,41717,21133,147076,20584,2020-08-21
2020-08-25,44978,21362,147553,23616,2020-08-28
2020-09-01,46654,17050,145922,29604,2020-09-04
2020-09-08,44850,23108,151546,21742,2020-09-11
2020-09-15,50360,27471,148912,22889,2020-09-18
2020-09-22,59033,29452,169251,29581,2020-09-25
2020-09-29,47535,22746,158298,24789,2020-10-02
2020-10-06,45779,24677,163024,21102,2020-10-09
2020-10-13,47245,27269,165616,19976,2020-10-16
2020-10-20,46524,32341,166091,14183,2020-10-23
2020-10-27,46131,28238,177622,17893,2020-10-30
2020-11-03,51012,22914,184751,28098,2020-11-06
2020-11-10,55644,13750,183518,41894,2020-11-13
2020-11-17,40313,10646,165073,29667,2020-11-20
2020-11-24,54472,14230,179503,40242,2020-11-27
2020-12-01,62449,14946,185873,47503,2020-12-04
2020-12-08,63585,15419,193326,48166,2020-12-11
2020-12-15,65376,21413,193317,43963,2020-12-18
2020-12-21,66970,20877,196845,46093,2020-12-24
2020-12-29,63577,16227,194454,47350,2021-01-01
2021-01-05,69163,18973,206963,50190,2021-01-08
2021-01-12,63857,13337,190811,50520,2021-01-15
2021-01-19,64143,14129,191540,50014,2021-01-22
2021-01-26,63463,18471,193822,44992,2021-01-29
2021-02-02,69602,24973,190948,44629,2021-02-05
2021-02-09,60719,26101,183901,34618,2021-02-12
2021-02-16,66732,29550,188119,37182,2021-02-19
2021-02-23,66670,38048,183247,28622,2021-02-26
2021-03-02,61259,41989,189270,19270,2021-03-05
2021-03-09,64027,57513,211347,6514,2021-03-12
2021-03-16,26003,65371,145951,-39368,2021-03-19
2021-03-23,27524,81049,160581,-53525,2021-03-26
2021-03-30,24724,84205,166091,-59481,2021-04-02
2021-04-06,26794,84783,164310,-57989,2021-04-09
2021-04-13,27682,85994,165431,-58312,2021-04-16
2021-04-20,26617,86436,162649,-59819,2021-04-23
2021-04-27,29673,78182,154894,-48509,2021-04-30
2021-05-04,31208,72700,152676,-41492,2021-05-07
2021-05-11,30491,72219,152404,-41728,2021-05-14
2021-05-18,24965,75913,154727,-50948,2021-05-21
2021-05-25,24163,74319,153196,-50156,2021-05-28
2021-06-01,29462,76577,162091,-47115,2021-06-04
2021-06-08,27248,64562,161592,-37314,2021-06-11
2021-06-15,22974,69824,155359,-46850,2021-06-18
2021-06-22,34118,87980,190545,-53862,2021-06-25
2021-06-29,27380,97275,195698,-69895,2021-07-02
2021-07-06,31625,100761,205341,-69136,2021-07-09
2021-07-13,40440,96690,203727,-56250,2021-07-16
2021-07-20,35474,91205,192301,-55731,2021-07-23
2021-07-27,32975,92909,196102,-59934,2021-07-30
2021-08-03,30409,85599,189242,-55190,2021-08-06
2021-08-10,36684,97341,206131,-60657,2021-08-13
2021-08-17,27532,90740,196495,-63208,2021-08-20
2021-08-24,26763,93434,194477,-66671,2021-08-27
2021-08-31,29030,92160,193999,-63130,2021-09-03
2021-09-07,29704,92029,204435,-62325,2021-09-10
2021-09-14,21728,82023,192088,-60295,2021-09-17
2021-09-21,22844,78915,191213,-56071,2021-09-24
2021-09-28,35328,100088,219638,-64760,2021-10-01
2021-10-05,31569,95263,226379,-63694,2021-10-08
2021-10-12,35810,112444,243617,-76634,2021-10-15
2021-10-19,35713,138447,266750,-102734,2021-10-22
2021-10-26,31487,138523,265254,-107036,2021-10-29
2021-11-02,20337,127961,251058,-107624,2021-11-05
2021-11-09,16440,121791,243087,-105351,2021-11-12
2021-11-16,24635,117761,252897,-93126,2021-11-19
2021-11-23,20285,117538,251801,-97253,2021-11-26
2021-11-30,14585,93451,216692,-78866,2021-12-03
2021-12-07,13148,76229,205970,-63081,2021-12-10
2021-12-14,20231,73754,176584,-53523,2021-12-17
2021-12-21,22191,74477,183743,-52286,2021-12-24
2021-12-28,32475,85577,203814,-53102,2021-12-31
2022-01-04,40816,103078,234068,-62262,2022-01-07
2022-01-11,22364,109889,234005,-87525,2022-01-14
2022-01-18,8002,88881,201820,-80879,2022-01-21
2022-01-25,15866,84139,197830,-68273,2022-01-28
2022-02-01,14510,75150,194435,-60640,2022-02-04
2022-02-08,15692,74840,196478,-59148,2022-02-11
2022-02-15,10425,76587,199425,-66162,2022-02-18
2022-02-22,10976,74163,194169,-63187,2022-02-25
2022-03-01,14665,83397,208629,-68732,2022-03-04
2022-03-08,15548,71404,208683,-55856,2022-03-11
2022-03-15,34016,96356,215484,-62340,2022-03-18
2022-03-22,36676,115158,248221,-78482,2022-03-25
2022-03-29,15274,117405,239698,-102131,2022-04-01
2022-04-05,14583,118412,242217,-103829,2022-04-08
2022-04-12,9925,121752,245403,-111827,2022-04-15
2022-04-19,12723,119910,251291,-107187,2022-04-22
2022-04-26,14269,109804,237995,-95535,2022-04-29
2022-05-03,18585,119379,254813,-100794,2022-05-06
2022-05-10,11196,121650,247278,-110454,2022-05-13
2022-05-17,12113,114422,241308,-102309,2022-05-20
2022-05-24,16567,116011,237256,-99444,2022-05-27
2022-05-31,15201,109640,239080,-94439,2022-06-03
2022-06-07,18466,110112,266054,-91646,2022-06-10
2022-06-14,32441,102196,232513,-69755,2022-06-17
2022-06-21,35864,94318,218076,-58454,2022-06-24
2022-06-28,36462,89032,213767,-52570,2022-07-01
2022-07-05,38660,93105,217672,-54445,2022-07-08
2022-07-12,35533,95531,223539,-59998,2022-07-15
2022-07-19,42880,102105,229449,-59225,2022-07-22
2022-07-26,43812,105293,229219,-61481,2022-07-29
2022-08-02,50433,93186,236737,-42753,2022-08-05
2022-08-09,52333,77365,225834,-25032,2022-08-12
2022-08-16,51308,80199,228697,-28891,2022-08-19
2022-08-23,56734,95541,242132,-38807,2022-08-26
2022-08-30,54513,96044,247030,-41531,2022-09-02
2022-09-06,56002,114191,281266,-58189,2022-09-09
2022-09-13,39323,120015,281716,-80692,2022-09-16
2022-09-20,34767,116047,250892,-81280,2022-09-23
2022-09-27,22706,105262,244655,-82556,2022-09-30
2022-10-04,26962,108585,243289,-81623,2022-10-07
2022-10-11,30149,107542,245007,-77393,2022-10-14
2022-10-18,30583,124919,264265,-94336,2022-10-21
2022-10-25,37579,140197,272597,-102618,2022-10-28
2022-11-01,40460,118080,258906,-77620,2022-11-04
2022-11-08,37201,112459,251378,-75258,2022-11-11
2022-11-15,33797,99639,233346,-65842,2022-11-18
2022-11-22,30800,95650,227435,-64850,2022-11-25
2022-11-29,28125,95519,228328,-67394,2022-12-02
2022-12-06,23589,89585,223424,-65996,2022-12-09
2022-12-13,22290,75478,226964,-53188,2022-12-16
2022-12-20,33686,74567,182034,-40881,2022-12-23
2022-12-27,29685,67415,173136,-37730,2022-12-30
2023-01-03,25377,72241,172590,-46864,2023-01-06
2023-01-10,26395,61772,175745,-35377,2023-01-13
2023-01-17,29458,52419,176862,-22961,2023-01-20
2023-01-24,27620,49255,173321,-21635,2023-01-27
2023-01-31,22550,42610,168540,-20060,2023-02-03
2023-02-07,16556,45645,164069,-29089,2023-02-10
2023-02-14,23079,50922,174955,-27843,2023-02-17
2023-02-21,32486,66515,186100,-34029,2023-02-24
2023-02-28,27703,86381,200047,-58678,2023-03-03
2023-03-07,17141,92444,211297,-75303,2023-03-10
2023-03-14,11048,85842,179782,-74794,2023-03-17
2023-03-21,7255,73600,169188,-66345,2023-03-24
2023-03-28,9717,63692,169473,-53975,2023-03-31
2023-04-04,11523,68559,178828,-57036,2023-04-07
2023-04-11,11933,69140,176822,-57207,2023-04-14
2023-04-18,15661,72530,177507,-56869,2023-04-21
2023-04-25,13680,82424,184041,-68744,2023-04-28
2023-05-02,28088,96412,202996,-68324,2023-05-05
2023-05-09,22229,83244,192574,-61015,2023-05-12
2023-05-16,29494,94285,200515,-64791,2023-05-19
2023-05-23,36760,117420,226400,-80660,2023-05-26
2023-05-30,40736,136929,243237,-96193,2023-06-02
2023-06-06,34151,138968,245332,-104817,2023-06-09
2023-06-13,37088,141064,252566,-103976,2023-06-16
2023-06-20,32244,139900,238556,-107656,2023-06-23
2023-06-27,38018,150888,251524,-112870,2023-06-30
2023-07-03,41713,159633,265066,-117920,2023-07-06
2023-07-11,29838,147020,252349,-117182,2023-07-14
2023-07-18,29776,120015,230932,-90239,2023-07-21
2023-07-25,30358,108110,223760,-77752,2023-07-28
2023-08-01,26849,106065,229015,-79216,2023-08-04
2023-08-08,23135,106315,229849,-83180,2023-08-11
2023-08-15,34789,115750,247954,-80961,2023-08-18
2023-08-22,28680,124003,246923,-95323,2023-08-25
2023-08-29,24790,123263,245452,-98473,2023-09-01
2023-09-05,37014,134150,268344,-97136,2023-09-08
2023-09-12,38247,136960,270854,-98713,2023-09-15
2023-09-19,45737,147356,265860,-101619,2023-09-22
2023-09-26,46169,155681,285974,-109512,2023-09-29
2023-10-03,47544,161532,282682,-113988,2023-10-06
2023-10-10,36780,136256,259937,-99476,2023-10-13
2023-10-17,33139,135797,267521,-102658,2023-10-20
2023-10-24,30964,130593,260909,-99629,2023-10-27
2023-10-31,37641,141489,277272,-103848,2023-11-03
2023-11-07,27238,131278,259698,-104040,2023-11-10
2023-11-14,27772,158021,273763,-130249,2023-11-17
2023-11-21,39236,144690,264903,-105454,2023-11-24
2023-11-28,30461,139698,260781,-109237,2023-12-01
2023-12-05,28266,133222,267482,-104956,2023-12-08
2023-12-12,28226,109357,257581,-81131,2023-12-15
2023-12-19,31734,96636,185940,-64902,2023-12-22
2023-12-26,37321,92889,188540,-55568,2023-12-29
2024-01-02,33585,90780,184042,-57195,2024-01-05
2024-01-09,41364,97313,200299,-55949,2024-01-12
2024-01-16,44180,100740,213309,-56560,2024-01-19
2024-01-23,52585,123230,243032,-70645,2024-01-26
2024-01-30,44918,125373,242029,-80455,2024-02-02
2024-02-06,55646,139876,259542,-84230,2024-02-09
2024-02-13,58554,170090,304592,-111536,2024-02-16
2024-02-20,53862,174640,305438,-120778,2024-02-23
2024-02-27,51261,183966,309633,-132705,2024-03-01
2024-03-05,54671,173514,314586,-118843,2024-03-08
2024-03-12,54923,157245,325675,-102322,2024-03-15
2024-03-19,66274,182286,302500,-116012,2024-03-22
2024-03-26,59969,189075,305701,-129106,2024-03-29
2024-04-02,55190,198420,316809,-143230,2024-04-05
2024-04-09,47275,209426,324479,-162151,2024-04-12
2024-04-16,49463,215082,331110,-165619,2024-04-19
2024-04-23,42426,222345,336167,-179919,2024-04-26
2024-04-30,40435,208823,334848,-168388,2024-05-03
2024-05-07,34990,169912,299859,-134922,2024-05-10
2024-05-14,35303,161485,297606,-126182,2024-05-17
2024-05-21,29614,173981,301315,-144367,2024-05-24
2024-05-28,28565,184604,325231,-156039,2024-05-31
2024-06-04,40427,172528,303009,-132101,2024-06-07
2024-06-11,30763,169342,319274,-138579,2024-06-14
2024-06-18,29429,177182,297117,-147753,2024-06-21
2024-06-25,34576,208476,340237,-173900,2024-06-28
2024-07-02,36714,220937,349817,-184223,2024-07-05
2024-07-09,41521,223554,348954,-182033,2024-07-12
2024-07-16,47356,198428,307205,-151072,2024-07-19
2024-07-23,64390,171498,307183,-107108,2024-07-26
2024-07-30,65016,138476,303151,-73460,2024-08-02
2024-08-06,66169,77523,298937,-11354,2024-08-09
2024-08-13,87101,63997,315338,23104,2024-08-16
2024-08-20,88761,65176,316197,23585,2024-08-23
2024-08-27,84305,58437,318259,25868,2024-08-30
2024-09-03,91791,50675,326795,41116,2024-09-06
2024-09-10,98894,43124,376514,55770,2024-09-13
2024-09-17,97332,40492,199463,56840,2024-09-20
2024-09-24,104690,38679,207702,66011,2024-09-27
2024-10-01,95513,38741,196200,56772,2024-10-04
2024-10-08,83679,47151,196685,36528,2024-10-11
2024-10-15,86685,52575,197871,34110,2024-10-18
2024-10-22,79364,66593,207338,12771,2024-10-25
2024-10-29,64925,89742,225894,-24817,2024-11-01
2024-11-05,60334,104501,235762,-44167,2024-11-08
2024-11-12,64038,128940,257688,-64902,2024-11-15
2024-11-19,78973,125841,254087,-46868,2024-11-22
2024-11-26,87597,110230,253566,-22633,2024-11-29
2024-12-03,93622,91288,256849,2334,2024-12-06
2024-12-10,97938,72186,274834,25752,2024-12-13
2024-12-17,87208,81247,181673,5961,2024-12-20
2024-12-24,95958,93647,200720,2311,2024-12-27
2024-12-31,96119,104562,206971,-8443,2025-01-03
2025-01-07,91206,111395,212456,-20189,2025-01-10
2025-01-14,91434,120845,223952,-29411,2025-01-17
2025-01-21,94157,108830,211620,-14673,2025-01-24
2025-01-28,96809,97768,216788,-959,2025-01-31
2025-02-04,104684,85916,231911,18768,2025-02-07
2025-02-11,144158,89543,273314,54615,2025-02-14
2025-02-18,147566,86997,281163,60569,2025-02-21
2025-02-25,171751,75771,329186,95980,2025-02-28
2025-03-04,183955,50304,354415,133651,2025-03-07
2025-03-11,176790,42888,446178,133902,2025-03-14
2025-03-18,164752,41788,296567,122964,2025-03-21
2025-03-25,160474,35098,303778,125376,2025-03-28
2025-04-01,161566,39792,311162,121774,2025-04-04
2025-04-08,176555,29488,320758,147067,2025-04-11
2025-04-15,198560,26705,338849,171855,2025-04-18
2025-04-22,202373,24559,351226,177814,2025-04-25
2025-04-29,202797,23585,366246,179212,2025-05-02
2025-05-06,204008,27149,375546,176859,2025-05-09
2025-05-13,194226,21958,359521,172268,2025-05-16
2025-05-20,194510,27180,366865,167330,2025-05-23
2025-05-27,191802,27790,377011,164012,2025-05-30
2025-06-03,189514,38365,366008,151149,2025-06-06
2025-06-10,184195,39600,388263,144595,2025-06-13
2025-06-17,175601,44724,317523,130877,2025-06-20
2025-06-24,178403,46126,314767,132277,2025-06-27
2025-07-01,170624,43286,314251,127338,2025-07-04
2025-07-08,166192,50037,308621,116155,2025-07-11
2025-07-15,165444,61862,321350,103582,2025-07-18
2025-07-22,164411,57766,313040,106645,2025-07-25
2025-07-29,162122,72879,329115,89243,2025-08-01
2025-08-05,160258,78252,337378,82006,2025-08-08
2025-08-12,164693,90459,351163,74234,2025-08-15
2025-08-19,168363,90782,348982,77581,2025-08-22
2025-08-26,170765,86281,357366,84484,2025-08-29
2025-09-02,174774,101516,414249,73258,2025-09-05
2025-09-09,180724,89081,410799,91643,2025-09-12
2025-09-16,161673,100262,299620,61411,2025-09-19
2025-09-23,176400,96900,309893,79500,2025-09-26
2025-09-30,167811,106346,305711,61465,2025-10-03
2025-10-07,159197,112890,305134,46307,2025-10-10
2025-10-14,160639,123473,305003,37166,2025-10-17
2025-10-21,175724,105310,307569,70414,2025-10-24
2025-10-28,178745,110630,321889,68115,2025-10-31
2025-11-04,170180,118915,314190,51265,2025-11-07
2025-11-10,172349,123873,312845,48476,2025-11-13
2025-11-18,169890,138733,329456,31157,2025-11-21
2025-11-25,169218,142701,344420,26517,2025-11-28
2025-12-02,184958,148540,394859,36418,2025-12-05
2025-12-09,184488,167040,465416,17448,2025-12-12
2025-12-16,146275,149217,379679,-2942,2025-12-19
2025-12-23,141133,139910,285084,1223,2025-12-26
2025-12-30,144596,130528,286132,14068,2026-01-02
2026-01-06,140441,131626,287715,8815,2026-01-09
2026-01-13,111743,156907,294242,-45164,2026-01-16
2026-01-20,107139,151968,292607,-44829,2026-01-23
2026-01-27,104460,138393,300726,-33933,2026-01-30
2026-02-03,114428,133650,303673,-19222,2026-02-06
2026-02-10,128090,147196,334948,-19106,2026-02-13
2026-02-17,143172,130217,354328,12955,2026-02-20
2026-02-24,149364,137825,369721,11539,2026-02-27
2026-03-03,134945,151520,416977,-16575,2026-03-06
2026-03-10,119411,160798,427718,-41387,2026-03-13
2026-03-17,106819,174599,326688,-67780,2026-03-20
2026-03-24,98271,161077,328210,-62806,2026-03-27
2026-03-31,95356,168228,345276,-72872,2026-04-03
2026-04-07,91560,185302,349373,-93742,2026-04-10
2026-04-14,102114,185322,354344,-83208,2026-04-17
2026-04-21,101386,195846,351782,-94460,2026-04-24
2026-04-28,106530,208589,372780,-102059,2026-05-01
2026-05-05,109035,170773,354005,-61738,2026-05-08
2026-05-12,100155,175257,362042,-75102,2026-05-15
2026-05-19,106603,200508,396573,-93905,2026-05-22
2026-05-26,112993,227660,427294,-114667,2026-05-29
2026-06-02,114849,244416,505555,-129567,2026-06-05
2026-06-09,121520,267338,505075,-145818,2026-06-12
2026-06-16,117375,267507,520825,-150132,2026-06-19
2026-06-23,113698,259802,431030,-146104,2026-06-26
2026-06-30,111872,266964,438825,-155092,2026-07-03
2026-07-07,112247,236025,398103,-123778,2026-07-10
2026-07-14,115965,238628,396514,-122663,2026-07-17
2026-07-21,107590,259715,423796,-152125,2026-07-24
